{
  "project_info": {
    "project_number": "968981465657",
    "firebase_url": "https://agenda-9b41e.firebaseio.com",
    "project_id": "agenda-9b41e",
    "storage_bucket": "agenda-9b41e.appspot.com"
  },
  "client": [
    {
      "client_info": {
        "mobilesdk_app_id": "1:968981465657:android:e67efc70bbce45f308dbe8",
        "android_client_info": {
          "package_name": "com.example.agenda"
        }
      },
      "oauth_client": [
        {
          "client_id": "968981465657-qjk1d6aerarsjj54g4djp5ptrsvhhlu4.apps.googleusercontent.com",
          "client_type": 1,
          "android_info": {
            "package_name": "com.example.agenda",
            "certificate_hash": "e657ee22d8c4f223f27c9da384d7e259a0338317"
          }
        },
        {
          "client_id": "968981465657-be22i4dqajer3sgchldgi1okb5hgpksm.apps.googleusercontent.com",
          "client_type": 3
        }
      ],
      "api_key": [
        {
          "current_key": "AIzaSyDFIYRJ-kDEWnaTpQVPxiYCx-fdqztiVlQ"
        }
      ],
      "services": {
        "appinvite_service": {
          "other_platform_oauth_client": [
            {
              "client_id": "968981465657-be22i4dqajer3sgchldgi1okb5hgpksm.apps.googleusercontent.com",
              "client_type": 3
            }
          ]
        }
      }
    }
  ],
  "configuration_version": "1"
}