{
  "project_info": {
    "project_number": "851106459757",
    "firebase_url": "https://webservice-b931c.firebaseio.com",
    "project_id": "webservice-b931c",
    "storage_bucket": "webservice-b931c.appspot.com"
  },
  "client": [
    {
      "client_info": {
        "mobilesdk_app_id": "1:851106459757:android:613c369043ef8f1a66cf64",
        "android_client_info": {
          "package_name": "com.example.webservices"
        }
      },
      "oauth_client": [
        {
          "client_id": "851106459757-c8n8b3pbip1ssd8avcgetg1vdt88nb87.apps.googleusercontent.com",
          "client_type": 1,
          "android_info": {
            "package_name": "com.example.webservices",
            "certificate_hash": "e657ee22d8c4f223f27c9da384d7e259a0338317"
          }
        },
        {
          "client_id": "851106459757-4p6gogpvbkvlhf49r64a2thqjsd2aagl.apps.googleusercontent.com",
          "client_type": 3
        }
      ],
      "api_key": [
        {
          "current_key": "AIzaSyDO72v_whoBtdIgyAf99JPc1OsHoP_u-ZU"
        }
      ],
      "services": {
        "appinvite_service": {
          "other_platform_oauth_client": [
            {
              "client_id": "851106459757-4p6gogpvbkvlhf49r64a2thqjsd2aagl.apps.googleusercontent.com",
              "client_type": 3
            }
          ]
        }
      }
    }
  ],
  "configuration_version": "1"
}